,pitcher,batter,ballCount,type,speed,stance,crossPlateX,crossPlateY,topSz,bottomSz,vy0,vz0,vx0,z0,y0,x0,ax,ay,az,strike,ball,out,base1,base2,base3,target,event_order,totalBallCount
0,52528,52605,1,투심,142.0,R,-0.078109,0.7083,3.35,1.643,-129.262,-4.05845,-6.55853,5.62376,50.0,1.48108,13.2441,24.7092,-21.2339,0,0,0,0,0,0,1H,1,1
1,52528,52667,1,투심,142.0,R,0.538374,0.7083,3.306,1.621,-129.119,-3.04773,-5.06841,5.59869,50.0,1.63494,11.63,28.0619,-21.9436,0,0,0,1,0,0,T,2,2
2,52528,52667,2,체인지업,130.0,R,1.24071,0.7083,3.306,1.621,-118.682,-1.86738,-4.40125,5.52174,50.0,1.76461,14.6725,26.0733,-25.0128,1,0,0,1,0,0,S,3,3
3,52528,52667,3,체인지업,132.0,R,0.105212,0.7083,3.306,1.621,-119.699,-3.63848,-6.88563,5.4561,50.0,1.64999,15.3161,23.2835,-25.6861,2,0,0,1,0,0,B,4,4
4,52528,52667,4,체인지업,129.0,R,0.227236,0.7083,3.306,1.621,-117.258,-3.92336,-6.09011,5.34614,50.0,1.54493,14.0667,26.6,-29.0134,2,1,0,1,0,0,S,5,5
5,52528,64646,1,투심,143.0,R,0.678116,0.7083,3.294,1.616,-129.927,-3.175,-4.90451,5.50275,50.0,1.48395,14.4885,28.1455,-24.6173,0,0,1,1,0,0,F,6,6
6,52528,64646,2,투심,143.0,R,1.90432,0.7083,3.294,1.616,-130.368,-2.54712,-2.38568,5.55543,50.0,1.68025,14.9435,28.5214,-21.2674,1,0,1,1,0,0,B,7,7
7,52528,64646,3,체인지업,129.0,R,0.211695,0.7083,3.294,1.616,-117.737,-1.95537,-5.80462,5.43921,50.0,1.49844,13.0913,24.9924,-25.1052,1,1,1,1,0,0,F,8,8
8,52528,64646,4,슬라이더,134.0,R,-0.086543,0.7083,3.294,1.616,-121.741,-3.09819,-2.91489,5.82117,50.0,1.49143,-3.82184,25.4803,-29.816,2,1,1,1,0,0,HO,9,9
9,52528,63260,1,투심,144.0,R,1.29299,0.7083,3.407,1.671,-131.004,-3.60921,-3.98128,5.55829,50.0,1.70153,14.9429,30.1433,-19.5171,0,0,2,1,0,0,B,10,10
10,52528,63260,2,투심,144.0,R,0.589173,0.7083,3.407,1.671,-130.784,-2.79606,-4.30033,5.45979,50.0,1.45525,10.6721,30.3392,-23.0082,0,1,2,1,0,0,F,11,11
11,52528,63260,3,직구,145.0,R,0.314274,0.7083,3.407,1.671,-132.027,-2.0684,-5.26135,5.6869,50.0,1.4356,12.2471,31.518,-18.6821,1,1,2,1,0,0,F,12,12
12,52528,63260,4,슬라이더,135.0,R,-0.77816,0.7083,3.407,1.671,-122.612,-4.19891,-4.2705,5.72843,50.0,1.40975,-4.31749,27.789,-29.7048,2,1,2,1,0,0,B,13,13
13,52528,63260,5,슬라이더,134.0,R,0.47955,0.7083,3.407,1.671,-121.852,-2.55222,-1.92864,5.68541,50.0,1.64844,-4.13107,19.446,-28.6687,2,2,2,1,0,0,T,14,14
14,53613,50500,1,직구,136.0,L,-0.544904,0.7083,3.241,1.59,-123.648,-5.33383,-7.48448,6.10368,50.0,1.77698,9.21154,26.7273,-14.5736,0,0,0,0,0,0,T,15,1
15,53613,50500,2,슬라이더,121.0,L,-0.778987,0.7083,3.241,1.59,-110.311,-4.08131,-4.94556,6.27254,50.0,2.20967,-6.09355,22.1109,-28.7192,1,0,0,0,0,0,HO,16,2
16,53613,54529,1,직구,136.0,R,0.704611,0.7083,3.636,1.784,-123.9,-5.82859,-4.92893,6.07269,50.0,2.00137,8.70825,25.8472,-17.2646,0,0,1,0,0,0,T,17,3
17,53613,54529,2,커브,115.0,R,0.49415,0.7083,3.636,1.784,-104.949,-0.195954,-1.70852,6.28329,50.0,2.06339,-6.10826,17.5582,-41.9898,1,0,1,0,0,0,B,18,4
18,53613,54529,3,슬라이더,122.0,R,-0.554302,0.7083,3.636,1.784,-111.056,-0.77625,-4.89714,6.46516,50.0,2.27557,-5.08721,22.0773,-26.0517,1,1,1,0,0,0,F,19,5
19,53613,54529,4,슬라이더,122.0,R,-0.832436,0.7083,3.636,1.784,-111.433,-4.17068,-5.15062,6.16368,50.0,2.11464,-5.39174,19.5282,-32.0487,2,1,1,0,0,0,B,20,6
20,53613,54529,5,커터,128.0,R,-0.709388,0.7083,3.636,1.784,-116.853,2.54402,-5.35336,6.28531,50.0,1.95929,-3.3179,20.6335,-26.2019,2,2,1,0,0,0,B,21,7
21,53613,54529,6,직구,136.0,R,-0.369218,0.7083,3.636,1.784,-123.647,-2.66362,-6.42387,6.12149,50.0,1.75896,6.19876,22.1224,-15.4688,2,3,1,0,0,0,HO,22,8
22,53613,69517,1,커터,130.0,L,0.263803,0.7083,3.529,1.731,-118.133,3.91987,-4.20606,6.47499,50.0,2.12321,-0.427399,19.3372,-26.5151,0,0,2,0,0,0,B,23,9
23,53613,69517,2,직구,137.0,L,-0.349984,0.7083,3.529,1.731,-124.757,-5.05625,-7.0202,6.1719,50.0,1.91985,7.34313,25.0919,-13.2806,0,1,2,0,0,0,F,24,10
24,53613,69517,3,직구,139.0,L,-0.300862,0.7083,3.529,1.731,-125.108,-3.73111,-6.46087,6.10279,50.0,1.70154,7.71668,24.6673,-17.3677,1,1,2,0,0,0,1H,25,11
25,53613,50150,1,커터,131.0,R,-1.20982,0.7083,3.4,1.668,-119.268,-5.59561,-7.89009,6.0591,50.0,1.83174,3.82196,21.9732,-23.9889,0,0,2,3,0,0,S,26,12
26,53613,50150,2,직구,138.0,R,0.184189,0.7083,3.4,1.668,-125.154,-3.76254,-5.37662,6.14795,50.0,1.9348,5.47032,26.6431,-13.3672,1,0,2,3,0,0,HO,27,13
27,52528,64560,1,투심,142.0,R,0.392165,0.7083,3.206,1.572,-129.375,-5.33058,-6.07042,5.64978,50.0,1.5856,15.4372,26.2774,-17.5332,0,0,0,0,0,0,HO,28,15
28,52528,69727,1,투심,141.0,R,1.31911,0.7083,3.431,1.683,-127.957,-2.97994,-4.13934,5.61987,50.0,1.79448,14.7188,26.0294,-21.5787,0,0,1,0,0,0,B,29,16
29,52528,69727,2,체인지업,129.0,R,-0.821513,0.7083,3.431,1.683,-116.937,-5.42758,-8.68662,5.48644,50.0,1.54872,14.9849,21.6081,-22.5297,0,1,1,0,0,0,B,30,17
30,52528,69727,3,체인지업,130.0,R,-0.793575,0.7083,3.431,1.683,-118.149,0.137108,-9.10761,5.52035,50.0,1.5019,17.6304,23.6003,-29.0964,0,2,1,0,0,0,T,31,18
31,52528,69727,4,투심,144.0,R,-0.68983,0.7083,3.431,1.683,-130.684,-3.07023,-8.26503,5.46167,50.0,1.39733,14.9932,24.6897,-23.6273,1,2,1,0,0,0,T,32,19
32,52528,69727,5,슬라이더,134.0,R,-0.902361,0.7083,3.431,1.683,-122.13,-3.05077,-5.14138,5.76602,50.0,1.56756,-3.66554,20.2467,-29.5526,2,2,1,0,0,0,F,33,20
33,52528,69727,6,체인지업,131.0,R,-0.229944,0.7083,3.431,1.683,-118.895,-3.40412,-7.80541,5.41234,50.0,1.48989,17.706,22.7905,-24.2193,3,2,1,0,0,0,F,34,21
34,52528,69727,7,슬라이더,134.0,R,-0.711987,0.7083,3.431,1.683,-121.755,-2.87177,-4.18647,5.71412,50.0,1.58534,-6.07412,21.5425,-33.0752,4,2,1,0,0,0,S,35,22
35,52528,65653,1,투심,143.0,R,1.12301,0.7083,3.361,1.649,-130.285,-0.768292,-4.66277,5.65239,50.0,1.68796,16.3667,27.8597,-24.0377,0,0,2,0,0,0,B,36,23
36,52528,65653,2,체인지업,130.0,R,-1.04471,0.7083,3.361,1.649,-118.476,-3.40824,-8.26148,5.44695,50.0,1.44821,11.6833,25.3692,-27.12,0,1,2,0,0,0,B,37,24
37,52528,65653,3,투심,143.0,R,1.02361,0.7083,3.361,1.649,-130.256,-3.65055,-5.06391,5.4884,50.0,1.76479,16.1524,26.4759,-24.6558,0,2,2,0,0,0,B,38,25
38,52528,65653,4,직구,145.0,R,0.046454,0.7083,3.361,1.649,-132.011,-2.7464,-6.05973,5.64591,50.0,1.49856,11.9968,30.173,-19.9004,0,3,2,0,0,0,F,39,26
39,52528,65653,5,직구,146.0,R,0.140258,0.7083,3.361,1.649,-132.636,-1.67252,-6.50557,5.59707,50.0,1.63542,13.6704,28.8388,-19.7632,1,3,2,0,0,0,S,40,27
40,52528,65653,6,직구,146.0,R,0.209278,0.7083,3.361,1.649,-132.888,-3.59977,-6.58711,5.66643,50.0,1.56023,16.0046,29.4949,-18.5795,2,3,2,0,0,0,HO,41,28
41,53613,78513,1,체인지업,124.0,R,-0.041461,0.7083,3.407,1.671,-112.396,-6.77781,-6.21762,5.93266,50.0,2.06376,7.04489,19.6667,-20.186,0,0,0,0,0,0,B,42,14
42,53613,78513,2,직구,137.0,R,0.006777,0.7083,3.407,1.671,-124.295,-3.11432,-5.83449,6.07863,50.0,1.99872,4.94536,25.3761,-19.247,0,1,0,0,0,0,HO,43,15
43,53613,51551,1,직구,136.0,L,-1.10199,0.7083,3.555,1.744,-123.868,-6.20509,-8.29641,6.0388,50.0,1.80792,6.14838,23.7038,-13.3219,0,0,1,0,0,0,B,44,16
44,53613,51551,2,커터,130.0,L,0.391487,0.7083,3.555,1.744,-118.154,-3.78913,-2.64956,6.09873,50.0,1.99777,-4.8353,21.3421,-25.4302,0,1,1,0,0,0,T,45,17
45,53613,51551,3,직구,137.0,L,-0.621718,0.7083,3.555,1.744,-124.777,-3.10265,-6.53645,6.1082,50.0,1.73497,3.93167,24.2121,-15.8143,1,1,1,0,0,0,T,46,18
46,53613,51551,4,직구,138.0,L,-1.52801,0.7083,3.555,1.744,-125.106,-3.65465,-9.24359,6.18903,50.0,1.76916,5.96727,25.5935,-15.1587,2,1,1,0,0,0,B,47,19
47,53613,51551,5,커터,130.0,L,-1.41913,0.7083,3.555,1.744,-118.025,-6.78405,-6.36407,6.05851,50.0,1.88772,-5.89319,19.1762,-22.8257,2,2,1,0,0,0,B,48,20
48,53613,51551,6,직구,136.0,L,-0.210229,0.7083,3.555,1.744,-123.847,-7.06876,-6.33243,6.05328,50.0,1.88183,6.2533,25.3537,-11.8897,2,3,1,0,0,0,HO,49,21
49,53613,52591,1,직구,136.0,R,-1.26864,0.7083,3.522,1.728,-123.318,-4.20063,-8.51762,6.15369,50.0,1.77207,5.85157,24.0098,-13.2819,0,0,2,0,0,0,B,50,22
50,53613,52591,2,직구,138.0,R,0.130198,0.7083,3.522,1.728,-125.355,-2.96179,-6.33922,6.19425,50.0,1.92613,9.58068,26.2254,-12.5056,0,1,2,0,0,0,B,51,23
51,53613,52591,3,직구,136.0,R,-0.317872,0.7083,3.522,1.728,-123.894,-7.8896,-6.61079,5.98925,50.0,1.79271,7.3394,24.3413,-12.1358,0,2,2,0,0,0,T,52,24
52,53613,52591,4,슬라이더,124.0,R,-1.0636,0.7083,3.522,1.728,-112.454,-0.597513,-4.66799,6.2456,50.0,2.01407,-8.74201,23.6411,-32.9849,1,2,2,0,0,0,B,53,25
53,53613,52591,5,직구,135.0,R,-0.862372,0.7083,3.522,1.728,-123.106,-4.97008,-7.44915,6.11576,50.0,1.81318,4.96625,23.7553,-13.6445,1,3,2,0,0,0,F,54,26
54,53613,52591,6,직구,136.0,R,-0.930915,0.7083,3.522,1.728,-123.215,-9.5163,-8.23453,5.91431,50.0,1.86142,7.25764,21.3914,-15.8565,2,3,2,0,0,0,B,55,27
55,53613,62802,1,슬라이더,123.0,L,-1.48835,0.7083,3.442,1.689,-111.423,-6.05408,-7.08666,5.96116,50.0,1.91495,-1.06522,22.4277,-27.637,0,0,2,7,0,0,B,56,28
56,53613,62802,2,직구,135.0,L,0.325796,0.7083,3.442,1.689,-123.304,-2.21632,-5.62059,6.23571,50.0,2.1143,6.38883,24.5372,-14.4344,0,1,2,7,0,0,B,57,29
57,53613,62802,3,슬라이더,123.0,L,0.665582,0.7083,3.442,1.689,-112.34,1.76269,-1.95811,6.25012,50.0,2.13027,-5.2913,23.4447,-29.7276,0,2,2,7,0,0,B,58,30
58,53613,62802,4,직구,136.0,L,-0.504625,0.7083,3.442,1.689,-123.465,-3.01336,-6.647,6.24352,50.0,1.85194,4.78805,25.519,-12.7483,0,3,2,7,0,0,B,59,31
59,53613,68518,1,커터,130.0,R,-1.07736,0.7083,3.258,1.598,-118.426,-5.82033,-6.01952,5.96431,50.0,1.88928,-3.7667,22.2677,-23.7989,0,0,2,8,7,0,S,60,32
60,53613,68518,2,커터,130.0,R,-1.27451,0.7083,3.258,1.598,-118.454,-3.5229,-7.06453,6.11603,50.0,1.96268,-1.94598,20.7036,-23.6856,1,0,2,8,7,0,S,61,33
61,53613,68518,3,직구,136.0,R,-0.106466,0.7083,3.258,1.598,-123.294,-4.11285,-6.50173,6.12031,50.0,2.04699,6.41126,24.2892,-14.0419,2,0,2,8,7,0,S,62,34
62,52528,78122,1,체인지업,125.0,R,0.725413,0.7083,3.405,1.67,-113.888,-1.87926,-4.3673,5.45592,50.0,1.634,10.4258,22.5997,-29.147,0,0,0,0,0,0,T,63,29
63,52528,78122,2,슬라이더,131.0,R,1.24553,0.7083,3.405,1.67,-119.75,1.15408,1.07968,5.94051,50.0,1.8727,-11.7012,26.6595,-32.6107,1,0,0,0,0,0,B,64,30
64,52528,78122,3,슬라이더,132.0,R,-0.540709,0.7083,3.405,1.67,-119.864,-1.43329,-3.90635,5.79264,50.0,1.62693,-5.46725,20.9706,-32.8691,1,1,0,0,0,0,F,65,31
65,52528,78122,4,슬라이더,131.0,R,1.94535,0.7083,3.405,1.67,-119.021,0.111497,1.75953,5.86775,50.0,1.94457,-8.19661,19.0798,-29.6486,2,1,0,0,0,0,B,66,32
66,52528,78122,5,체인지업,131.0,R,0.340751,0.7083,3.405,1.67,-119.237,-2.18299,-5.08591,5.47464,50.0,1.51355,10.9726,22.3086,-26.4725,2,2,0,0,0,0,2H,67,33
67,52528,54614,1,체인지업,129.0,R,0.587039,0.7083,3.304,1.62,-117.561,-1.34645,-5.328,5.42665,50.0,1.57976,13.9904,21.4493,-31.1529,0,0,0,0,8,0,W,68,34
68,52528,54614,2,체인지업,129.0,R,-0.417902,0.7083,3.304,1.62,-117.141,-3.5746,-7.05599,5.40045,50.0,1.47138,12.5513,22.9703,-24.478,1,0,0,0,8,0,HO,69,35
69,52528,52605,1,체인지업,129.0,R,-0.554958,0.7083,3.35,1.643,-117.546,-4.89235,-7.39215,5.29907,50.0,1.38767,13.4748,20.9041,-25.4701,0,0,1,0,0,8,B,70,36
70,52528,52605,2,체인지업,131.0,R,0.424872,0.7083,3.35,1.643,-119.627,-0.6681,-5.09895,5.54628,50.0,1.54651,11.5834,23.028,-26.9708,0,1,1,0,0,8,F,71,37
71,52528,52605,3,슬라이더,134.0,R,-0.687767,0.7083,3.35,1.643,-121.95,-3.50454,-4.15172,5.80552,50.0,1.4325,-4.31318,21.0154,-30.6059,1,1,1,0,0,8,F,72,38
72,52528,52605,4,슬라이더,132.0,R,0.443473,0.7083,3.35,1.643,-120.517,-1.75515,-0.951664,5.65041,50.0,1.63582,-8.62462,23.7228,-30.7842,2,1,1,0,0,8,F,73,39
73,52528,52605,5,슬라이더,131.0,R,0.624,0.7083,3.35,1.643,-119.035,-2.03929,-0.592875,5.87848,50.0,1.53027,-6.996,21.9759,-26.7338,3,1,1,0,0,8,F,74,40
74,52528,52605,6,슬라이더,134.0,R,-1.33257,0.7083,3.35,1.643,-121.081,-6.98212,-6.22935,5.4928,50.0,1.33568,-0.206532,24.4176,-29.1922,4,1,1,0,0,8,B,75,41
75,52528,52605,7,슬라이더,134.0,R,0.131147,0.7083,3.35,1.643,-122.173,-5.00307,-2.46603,5.59067,50.0,1.53927,-4.23173,22.6594,-32.6008,4,2,1,0,0,8,S,76,42
76,52528,52667,1,체인지업,130.0,R,0.827845,0.7083,3.306,1.621,-118.625,-4.02771,-4.96668,5.42805,50.0,1.51804,15.5067,26.4325,-25.0459,0,0,2,0,0,8,B,77,43
77,52528,52667,2,투심,145.0,R,0.186465,0.7083,3.306,1.621,-132.095,-2.88234,-5.88421,5.55832,50.0,1.38878,14.3639,28.4191,-24.8363,0,1,2,0,0,8,HO,78,44
78,53613,50500,1,커터,128.0,L,-0.508328,0.7083,3.241,1.59,-116.378,-3.93223,-5.26151,6.16223,50.0,2.03535,-2.224,22.1298,-22.8816,0,0,0,0,0,0,T,79,35
79,53613,50500,2,슬라이더,121.0,L,0.140099,0.7083,3.241,1.59,-110.477,-3.53523,-4.26521,6.10922,50.0,2.16504,-0.15805,24.4181,-25.573,1,0,0,0,0,0,F,80,36
80,53613,50500,3,슬라이더,122.0,L,-0.245307,0.7083,3.241,1.59,-111.133,-3.16298,-4.73302,6.053,50.0,2.21938,-2.55875,20.0241,-29.5519,2,0,0,0,0,0,HO,81,37
81,53613,54529,1,체인지업,124.0,R,1.25113,0.7083,3.636,1.784,-112.499,-3.54998,-3.1009,6.20604,50.0,2.05361,5.87671,18.0318,-20.2047,0,0,1,0,0,0,B,82,38
82,53613,54529,2,직구,134.0,R,-1.11605,0.7083,3.636,1.784,-121.499,-5.17038,-7.80912,6.13031,50.0,1.77179,4.5453,21.6282,-13.8571,0,1,1,0,0,0,1H,83,39
83,53613,69517,1,직구,135.0,L,0.006635,0.7083,3.529,1.731,-123.22,-5.10799,-5.72675,6.06307,50.0,1.88536,5.87032,24.4729,-18.3529,0,0,1,2,0,0,HO,84,40
84,53613,50150,1,체인지업,125.0,R,-0.576043,0.7083,3.4,1.668,-113.319,-6.06384,-7.86309,5.95672,50.0,2.08301,8.90055,22.6129,-19.4104,0,0,2,2,0,0,S,85,41
85,53613,50150,2,체인지업,124.0,R,0.994668,0.7083,3.4,1.668,-113.075,-5.84979,-4.2528,5.94518,50.0,2.1425,7.6209,22.9713,-19.6017,1,0,2,2,0,0,S,86,42
86,53613,50150,3,체인지업,125.0,R,1.38376,0.7083,3.4,1.668,-113.526,-7.03229,-3.89228,5.95519,50.0,2.15287,9.6854,21.4769,-20.9742,2,0,2,2,0,0,B,87,43
87,53613,50150,4,커터,130.0,R,-0.088992,0.7083,3.4,1.668,-117.933,-1.08045,-4.57866,6.13095,50.0,2.04936,-1.57728,20.6656,-26.7094,2,1,2,2,0,0,HO,88,44
88,52528,64646,1,투심,142.0,R,-0.314637,0.7083,3.294,1.616,-129.144,-3.66195,-8.13608,5.56693,50.0,1.55133,17.3355,27.6026,-21.5112,0,0,0,0,0,0,HO,89,45
89,52528,63260,1,투심,142.0,R,-0.568617,0.7083,3.407,1.671,-129.445,-4.89047,-8.55031,5.51005,50.0,1.47687,17.2422,35.269,-19.7157,0,0,1,0,0,0,T,90,46
90,52528,63260,2,슬라이더,130.0,R,-0.845026,0.7083,3.407,1.671,-118.752,-2.85918,-5.50999,5.81686,50.0,1.6555,-1.21367,22.8782,-31.4372,1,0,1,0,0,0,S,91,47
91,52528,63260,3,슬라이더,133.0,R,0.009057,0.7083,3.407,1.671,-120.631,-4.84484,-3.17351,5.72921,50.0,1.75556,-4.35285,23.0181,-25.7058,2,0,1,0,0,0,B,92,48
92,52528,63260,4,체인지업,129.0,R,-0.100365,0.7083,3.407,1.671,-116.96,-4.26267,-7.7115,5.39431,50.0,1.62074,17.2731,23.3452,-25.9899,2,1,1,0,0,0,B,93,49
93,52528,63260,5,직구,146.0,R,-0.933948,0.7083,3.407,1.671,-132.807,-4.98203,-8.72646,5.58546,50.0,1.28973,15.4966,32.2475,-16.3765,2,2,1,0,0,0,B,94,50
94,52528,63260,6,슬라이더,134.0,R,-1.05033,0.7083,3.407,1.671,-122.384,-1.81913,-5.20941,5.84611,50.0,1.48029,-3.88696,23.8874,-27.0234,2,3,1,0,0,0,F,95,51
95,52528,63260,7,직구,145.0,R,-0.094775,0.7083,3.407,1.671,-131.843,0.000774,-7.00962,5.67031,50.0,1.62539,13.352,29.5861,-18.1179,3,3,1,0,0,0,B,96,52
96,52528,64560,1,체인지업,130.0,R,0.279431,0.7083,3.206,1.572,-118.083,-1.7756,-5.28552,5.39118,50.0,1.4477,11.9541,22.9523,-27.3653,0,0,1,4,0,0,HO,97,53
97,53613,78513,1,직구,133.0,R,-0.589749,0.7083,3.407,1.671,-121.129,-7.69481,-7.41387,5.97223,50.0,1.82673,8.1707,25.3139,-16.1012,0,0,0,0,0,0,B,98,45
98,53613,78513,2,커터,128.0,R,-1.15121,0.7083,3.407,1.671,-115.953,-8.12523,-7.32058,5.96756,50.0,2.10619,-0.123026,21.4926,-23.019,0,1,0,0,0,0,B,99,46
99,53613,78513,3,직구,134.0,R,-0.75819,0.7083,3.407,1.671,-122.298,-2.19591,-6.95368,6.25047,50.0,1.82526,3.83513,23.7847,-14.8292,0,2,0,0,0,0,B,100,47
100,53613,78513,4,직구,133.0,R,-1.09497,0.7083,3.407,1.671,-120.37,-6.10331,-8.29047,6.13623,50.0,1.79102,7.03456,20.1523,-13.6939,0,3,0,0,0,0,B,101,48
101,53613,51551,1,슬라이더,121.0,L,-0.384196,0.7083,3.555,1.744,-110.502,1.26252,-4.8231,6.28699,50.0,2.21146,-3.28088,19.0811,-33.0151,0,0,0,5,0,0,T,102,49
102,53613,51551,2,커터,127.0,L,-0.791717,0.7083,3.555,1.744,-115.467,-5.1281,-5.59225,6.16175,50.0,1.98144,-2.97494,19.5684,-21.6268,1,0,0,5,0,0,T,103,50
103,53613,51551,3,직구,137.0,L,-1.61613,0.7083,3.555,1.744,-124.212,-5.65132,-8.69644,6.0568,50.0,1.57323,4.61398,21.8006,-15.0796,2,0,0,5,0,0,B,104,51
104,53613,51551,4,직구,136.0,L,-0.112929,0.7083,3.555,1.744,-123.486,-9.2723,-6.75263,6.03311,50.0,1.93257,8.80434,23.2649,-12.495,2,1,0,5,0,0,B,105,52
105,53613,51551,5,직구,136.0,L,0.048808,0.7083,3.555,1.744,-124.052,-5.05689,-5.57173,5.98667,50.0,1.8174,6.2263,22.0843,-15.9567,2,2,0,5,0,0,HO,106,53
106,53613,52591,1,커터,127.0,R,-1.67076,0.7083,3.522,1.728,-115.363,-3.77071,-7.94651,6.16165,50.0,1.95186,-0.87547,20.6208,-26.7258,0,0,1,5,0,0,B,107,54
107,53613,52591,2,커터,128.0,R,-1.74591,0.7083,3.522,1.728,-116.309,-4.18023,-8.42346,6.00488,50.0,1.92696,0.350241,19.5268,-24.9575,0,1,1,5,0,0,B,108,55
108,53613,52591,3,직구,133.0,R,-0.350673,0.7083,3.522,1.728,-121.329,-5.16815,-6.65967,6.07494,50.0,1.93219,5.98931,23.1957,-16.0574,0,2,1,5,0,0,F,109,56
109,53613,52591,4,직구,134.0,R,-0.083181,0.7083,3.522,1.728,-121.523,-4.4726,-6.63564,6.04673,50.0,1.95425,8.56714,22.3732,-18.7346,1,2,1,5,0,0,F,110,57
110,53613,52591,5,체인지업,125.0,R,0.874449,0.7083,3.522,1.728,-113.915,-4.27533,-4.74841,6.03491,50.0,2.11002,8.91639,21.6842,-21.1382,2,2,1,5,0,0,F,111,58
111,53613,52591,6,체인지업,125.0,R,1.10059,0.7083,3.522,1.728,-113.452,-5.01561,-4.73176,6.09128,50.0,2.2612,9.57443,19.2032,-20.993,3,2,1,5,0,0,1H,112,59
112,53613,62802,1,커터,128.0,L,-0.046056,0.7083,3.442,1.689,-116.961,-2.53014,-4.95164,6.18254,50.0,2.23868,-1.12108,21.9201,-25.2275,0,0,1,7,0,5,1H,113,60
113,53613,60523,1,커터,127.0,R,0.20088,0.7083,3.376,1.656,-115.361,-1.06392,-3.85219,6.17019,50.0,2.20174,-2.99988,18.4749,-27.5934,0,0,1,8,0,7,T,114,61
114,53613,60523,2,커터,127.0,R,-0.278554,0.7083,3.376,1.656,-115.804,-2.34166,-4.65993,6.19247,50.0,2.06252,-2.90963,18.8632,-25.5504,1,0,1,8,0,7,1H,115,62
115,69620,50500,1,직구,141.0,L,-0.082248,0.7083,3.241,1.59,-127.919,-3.9464,-4.65793,6.0039,50.0,0.960646,10.2629,25.493,-10.9334,0,0,1,9,0,8,B,116,1
116,69620,50500,2,직구,142.0,L,-0.953717,0.7083,3.241,1.59,-128.892,-5.40584,-6.68524,5.95058,50.0,0.914194,10.0847,28.6437,-10.6325,0,1,1,9,0,8,F,117,2
117,69620,50500,3,슬라이더,127.0,L,0.213552,0.7083,3.241,1.59,-115.757,-0.243493,-2.35064,6.06187,50.0,1.13757,1.13308,16.604,-23.6661,1,1,1,9,0,8,B,118,3
118,69620,50500,4,직구,141.0,L,0.95518,0.7083,3.241,1.59,-127.995,-7.17334,-1.34277,5.76219,50.0,0.985211,6.32666,24.9988,-13.0759,1,2,1,9,0,8,B,119,4
119,69620,50500,5,직구,140.0,L,0.885235,0.7083,3.241,1.59,-127.671,-5.68267,-1.86627,5.79332,50.0,1.05349,7.17393,28.3973,-12.062,1,3,1,9,0,8,HO,120,5
120,69620,54529,1,체인지업,119.0,R,-0.058644,0.7083,3.636,1.784,-108.441,0.858504,-4.21759,6.14774,50.0,1.06103,7.83991,21.0151,-25.5382,0,0,2,9,0,8,T,121,6
121,69620,54529,2,직구,143.0,R,-0.009422,0.7083,3.636,1.784,-129.768,-4.83334,-4.59103,5.90795,50.0,1.03299,9.88992,26.3184,-11.8579,1,0,2,9,0,8,F,122,7
122,69620,54529,3,체인지업,119.0,R,1.0006,0.7083,3.636,1.784,-108.239,-1.97368,-2.20106,5.82055,50.0,1.08246,8.54837,18.4663,-29.5503,2,0,2,9,0,8,B,123,8
123,69620,54529,4,직구,143.0,R,1.35764,0.7083,3.636,1.784,-130.264,-4.31179,-0.91142,5.86644,50.0,1.05749,8.46225,27.716,-18.2856,2,1,2,9,0,8,B,124,9
124,69620,54529,5,직구,141.0,R,-0.124993,0.7083,3.636,1.784,-128.6,-6.65564,-3.11527,5.85896,50.0,0.726283,4.92324,25.598,-12.6114,2,2,2,9,0,8,F,125,10
125,69620,54529,6,체인지업,118.0,R,1.21097,0.7083,3.636,1.784,-107.672,-2.42418,-1.89192,5.9162,50.0,1.06237,9.15186,21.5778,-29.7937,3,2,2,9,0,8,B,126,11
126,69620,54529,7,체인지업,117.0,R,0.317338,0.7083,3.636,1.784,-106.902,0.459235,-3.47087,6.01855,50.0,1.11889,7.49784,21.6375,-28.4177,3,3,2,9,0,8,F,127,12
127,69620,54529,8,체인지업,120.0,R,0.330861,0.7083,3.636,1.784,-109.202,-3.17675,-4.22647,5.79901,50.0,1.07153,11.2469,21.3737,-28.393,4,3,2,9,0,8,HO,128,13
128,52528,69727,1,투심,140.0,R,1.02826,0.7083,3.431,1.683,-127.739,-1.66785,-3.99326,5.67065,50.0,1.72101,11.2975,24.6323,-22.46,0,0,2,0,9,8,B,129,54
129,52528,69727,2,투심,141.0,R,0.577477,0.7083,3.431,1.683,-128.24,-3.48069,-6.52807,5.71747,50.0,1.77624,17.6543,25.3825,-21.2161,0,1,2,0,9,8,T,130,55
130,52528,69727,3,체인지업,128.0,R,-0.97314,0.7083,3.431,1.683,-115.806,-4.02344,-8.95561,5.50982,50.0,1.56985,14.4991,19.7896,-25.4309,1,1,2,0,9,8,B,131,56
131,52528,69727,4,체인지업,128.0,R,0.597069,0.7083,3.431,1.683,-116.582,-1.49368,-4.44677,5.61118,50.0,1.54207,10.4487,21.7065,-29.3882,1,2,2,0,9,8,F,132,57
132,52528,69727,5,슬라이더,128.0,R,2.04937,0.7083,3.431,1.683,-116.752,2.79209,0.226698,6.06245,50.0,2.01537,-0.681581,17.9602,-29.6712,2,2,2,0,9,8,B,133,58
133,52528,69727,6,직구,142.0,R,0.563484,0.7083,3.431,1.683,-129.173,2.49646,-4.57056,5.7622,50.0,1.59725,9.89122,22.2738,-23.202,2,3,2,0,9,8,B,134,59
134,52528,65653,1,체인지업,128.0,R,-0.202239,0.7083,3.361,1.649,-116.381,-2.70713,-6.50362,5.40865,50.0,1.50035,11.9969,21.8751,-26.2501,0,0,0,6,0,0,T,135,60
135,52528,65653,2,체인지업,127.0,R,0.109632,0.7083,3.361,1.649,-115.604,-3.35078,-5.89931,5.43134,50.0,1.58412,11.6303,22.9715,-28.0013,1,0,0,6,0,0,S,136,61
136,52528,65653,3,체인지업,128.0,R,0.726036,0.7083,3.361,1.649,-116.734,-2.54019,-4.82656,5.37489,50.0,1.67621,12.1308,19.7513,-26.9397,2,0,0,6,0,0,T,137,62
137,52528,78122,1,직구,144.0,R,0.153921,0.7083,3.405,1.67,-130.679,-3.66884,-5.65158,5.58578,50.0,1.406,12.5486,26.8809,-16.3599,0,0,1,6,0,0,T,138,63
138,52528,78122,2,직구,144.0,R,0.154437,0.7083,3.405,1.67,-130.707,-1.78152,-5.43775,5.68037,50.0,1.42473,11.215,25.877,-19.1946,1,0,1,6,0,0,F,139,64
139,52528,78122,3,직구,144.0,R,0.448681,0.7083,3.405,1.67,-130.794,-2.77805,-6.10298,5.4803,50.0,1.52368,17.136,27.7188,-25.9463,2,0,1,6,0,0,HO,140,65
140,69620,54598,1,직구,139.0,L,-0.462057,0.7083,3.215,1.577,-126.089,-5.57701,-3.83233,5.9114,50.0,0.872592,2.62749,20.6176,-13.5478,0,0,0,0,0,0,S,141,14
141,69620,54598,2,직구,140.0,L,-0.255767,0.7083,3.215,1.577,-127.341,-6.84284,-3.94068,5.78977,50.0,0.72796,7.43903,24.5233,-12.9314,1,0,0,0,0,0,3H,142,15
142,69620,50150,1,체인지업,119.0,R,1.30059,0.7083,3.4,1.668,-108.377,-0.57028,-1.89908,6.08414,50.0,1.30523,7.99732,17.1417,-26.6506,0,0,0,0,0,3,B,143,16
143,69620,50150,2,체인지업,118.0,R,1.97607,0.7083,3.4,1.668,-107.49,0.832682,-1.02754,6.04102,50.0,1.38962,9.45906,17.5346,-26.8819,0,1,0,0,0,3,B,144,17
144,69620,50150,3,체인지업,119.0,R,-0.101368,0.7083,3.4,1.668,-108.321,-3.82703,-3.75542,5.79738,50.0,0.989761,6.12852,17.773,-24.8335,0,2,0,0,0,3,F,145,18
145,69620,50150,4,체인지업,118.0,R,1.22361,0.7083,3.4,1.668,-107.105,2.19287,-3.22173,5.95463,50.0,1.36778,12.1662,18.6252,-35.0083,1,2,0,0,0,3,F,146,19
146,69620,50150,5,직구,141.0,R,0.310695,0.7083,3.4,1.668,-128.44,-8.25567,-3.77312,5.82293,50.0,1.00484,10.1861,27.0986,-9.32936,2,2,0,0,0,3,F,147,20
147,69620,50150,6,직구,143.0,R,1.29415,0.7083,3.4,1.668,-129.587,-9.74923,-2.19736,5.7425,50.0,1.15901,12.6918,31.1493,-8.91864,3,2,0,0,0,3,B,148,21
148,69620,50150,7,직구,141.0,R,-0.346496,0.7083,3.4,1.668,-128.302,-9.5746,-4.32339,5.72286,50.0,0.81337,7.12097,25.5501,-10.9118,3,3,0,0,0,3,B,149,22
149,69620,78513,1,직구,142.0,R,0.218942,0.7083,3.407,1.671,-128.689,-8.04906,-3.51475,5.82445,50.0,0.94178,8.53982,29.2687,-10.9074,0,0,0,4,0,3,1H,150,23
150,69620,51551,1,직구,142.0,L,1.41269,0.7083,3.555,1.744,-128.9,-6.45505,0.787192,5.67531,50.0,1.08859,0.127872,26.5914,-13.868,0,0,0,5,4,0,B,151,24
151,69620,51551,2,슬라이더,131.0,L,0.213126,0.7083,3.555,1.744,-119.507,-1.0775,-2.4393,5.95442,50.0,1.23515,0.259763,21.2116,-24.5751,0,1,0,5,4,0,F,152,25
152,69620,51551,3,슬라이더,130.0,L,0.078677,0.7083,3.555,1.744,-118.222,-3.91621,-1.26916,5.87576,50.0,1.0603,-4.58112,21.1883,-23.9409,1,1,0,5,4,0,T,153,26
153,69620,51551,4,직구,140.0,L,0.647439,0.7083,3.555,1.744,-127.582,-8.63437,-2.06287,5.68474,50.0,0.934779,6.70777,24.5514,-12.6777,2,1,0,5,4,0,B,154,27
154,69620,51551,5,슬라이더,129.0,L,-0.607618,0.7083,3.555,1.744,-117.666,-3.35979,-2.97555,5.84714,50.0,0.933059,-2.51831,22.2645,-24.7598,2,2,0,5,4,0,F,155,28
155,69620,51551,6,슬라이더,129.0,L,0.342255,0.7083,3.555,1.744,-117.591,-1.65969,-1.87156,5.8498,50.0,1.14443,0.086939,17.294,-27.7435,3,2,0,5,4,0,HR,156,29
156,63638,52591,1,투심,137.0,R,0.025473,0.7083,3.522,1.728,-125.09,1.67856,6.42772,5.13655,50.0,-1.2133,-16.6253,20.9008,-28.5941,0,0,0,0,0,0,T,157,1
157,63638,52591,2,포크,132.0,R,0.323427,0.7083,3.522,1.728,-120.008,1.62005,7.13272,5.26235,50.0,-1.33108,-15.265,22.3165,-29.7011,1,0,0,0,0,0,1H,158,2
158,63638,62802,1,투심,138.0,L,0.503833,0.7083,3.442,1.689,-125.439,-2.44274,7.76907,5.02863,50.0,-1.18196,-17.8434,26.0785,-25.8593,0,0,0,7,0,0,T,159,3
159,63638,62802,2,투심,139.0,L,-0.375812,0.7083,3.442,1.689,-126.391,-1.46006,5.19323,5.24466,50.0,-1.19316,-15.6971,21.3286,-25.7167,1,0,0,7,0,0,F,160,4
160,63638,62802,3,커브,116.0,L,-2.3381,0.7083,3.442,1.689,-105.329,6.615,-3.34283,4.66957,50.0,-2.26025,13.0283,18.2875,-36.709,2,0,0,7,0,0,B,161,5
161,63638,62802,4,포크,133.0,L,-1.45597,0.7083,3.442,1.689,-120.893,-0.320062,2.9181,5.2307,50.0,-1.48478,-13.466,21.0005,-30.6208,2,1,0,7,0,0,B,162,6
162,63638,62802,5,투심,139.0,L,-0.105549,0.7083,3.442,1.689,-126.84,-1.03936,4.79203,5.16641,50.0,-1.03479,-12.3311,26.8417,-26.6839,2,2,0,7,0,0,HO,163,7
163,63638,53569,1,투심,138.0,R,0.931062,0.7083,3.25,1.594,-125.003,-2.9482,9.31246,4.96258,50.0,-1.18218,-20.2884,23.8356,-28.4539,0,0,1,7,0,0,B,164,8
164,63638,53569,2,투심,138.0,R,1.36435,0.7083,3.25,1.594,-125.587,-2.60384,10.3851,4.84794,50.0,-1.11686,-21.0567,20.8289,-29.7912,0,1,1,7,0,0,B,165,9
165,63638,53569,3,투심,138.0,R,0.499463,0.7083,3.25,1.594,-125.457,-2.86794,8.36279,4.82011,50.0,-1.19059,-20.6866,25.2824,-27.3196,0,2,1,7,0,0,F,166,10
166,63638,53569,4,투심,138.0,R,0.573949,0.7083,3.25,1.594,-125.138,-1.23475,7.63779,5.04033,50.0,-1.14781,-16.7841,25.7481,-27.8232,1,2,1,7,0,0,HO,167,11
167,52528,54614,1,투심,141.0,R,0.317376,0.7083,3.304,1.62,-128.287,-2.60627,-6.29567,5.71967,50.0,1.6059,15.3741,27.2758,-23.8862,0,0,0,0,0,0,T,168,66
168,52528,54614,2,체인지업,127.0,R,-0.652104,0.7083,3.304,1.62,-115.521,-3.42914,-7.93886,5.45114,50.0,1.61106,12.8153,21.0003,-25.44,1,0,0,0,0,0,B,169,67
169,52528,54614,3,투심,142.0,R,0.253484,0.7083,3.304,1.62,-129.257,-3.08541,-6.88533,5.5151,50.0,1.68827,16.4868,28.1897,-24.0325,1,1,0,0,0,0,1H,170,68
170,52528,52605,1,투심,141.0,R,1.49975,0.7083,3.35,1.643,-128.585,-1.30165,-2.7042,5.57246,50.0,1.59463,12.3424,26.3855,-24.129,0,0,0,9,0,0,B,171,69
171,52528,52605,2,투심,143.0,R,0.291171,0.7083,3.35,1.643,-130.037,-4.54052,-6.29112,5.41358,50.0,1.56043,15.584,26.6871,-23.0346,0,1,0,9,0,0,T,172,70
172,52528,52605,3,투심,141.0,R,2.57324,0.7083,3.35,1.643,-128.53,1.20091,-0.556073,5.72697,50.0,1.78198,12.7343,24.8512,-26.4262,1,1,0,9,0,0,B,173,71
173,52528,52605,4,체인지업,128.0,R,0.312894,0.7083,3.35,1.643,-116.094,-1.00516,-5.26548,5.43013,50.0,1.53837,11.2762,19.209,-31.4615,1,2,0,9,0,0,1H,174,72
174,52528,52667,1,체인지업,128.0,R,1.0329,0.7083,3.306,1.621,-116.26,-0.889303,-3.4614,5.53851,50.0,1.5465,10.4046,21.4557,-26.4129,0,0,0,1,0,9,S,175,73
175,52528,52667,2,체인지업,128.0,R,-0.342599,0.7083,3.306,1.621,-116.425,-3.518,-6.34731,5.36455,50.0,1.50195,9.83489,22.0479,-27.8519,1,0,0,1,0,9,B,176,74
176,52528,52667,3,체인지업,126.0,R,0.73117,0.7083,3.306,1.621,-115.053,-1.14656,-5.10458,5.38211,50.0,1.5775,14.3614,21.9064,-28.8841,1,1,0,1,0,9,1H,177,75
177,52528,64646,1,투심,141.0,R,1.30706,0.7083,3.294,1.616,-128.705,-1.96794,-3.84583,5.56243,50.0,1.55573,16.109,27.9123,-25.6003,0,0,0,2,0,1,B,178,76
178,52528,64646,2,투심,142.0,R,0.242882,0.7083,3.294,1.616,-128.909,-4.42413,-6.57056,5.5731,50.0,1.49332,17.2269,26.6398,-22.6095,0,1,0,2,0,1,1H,179,77
179,52528,63260,1,체인지업,127.0,R,1.54947,0.7083,3.407,1.671,-115.692,1.01076,-2.29535,5.65202,50.0,1.69193,8.9198,19.3982,-27.2841,0,0,0,3,2,0,B,180,78
180,52528,63260,2,투심,142.0,R,0.430656,0.7083,3.407,1.671,-129.385,-3.92409,-4.54213,5.61726,50.0,1.43669,10.1222,27.7015,-19.6031,0,1,0,3,2,0,S,181,79
181,52528,63260,3,체인지업,129.0,R,0.023258,0.7083,3.407,1.671,-117.746,-2.26077,-6.11344,5.25404,50.0,1.49929,12.5271,23.7292,-30.4024,1,1,0,3,2,0,F,182,80
182,52528,63260,4,슬라이더,131.0,R,0.151008,0.7083,3.407,1.671,-119.724,-2.45206,-1.53062,5.76159,50.0,1.53195,-7.97628,20.1339,-31.8075,2,1,0,3,2,0,T,183,81
183,52528,64560,1,체인지업,128.0,R,0.789172,0.7083,3.206,1.572,-116.426,0.509214,-3.88183,5.43414,50.0,1.64265,8.82774,21.1636,-32.1163,0,0,1,3,2,0,T,184,82
184,52528,64560,2,슬라이더,133.0,R,2.6756,0.7083,3.206,1.572,-120.795,-0.547813,3.20586,5.7631,50.0,1.8843,-6.32503,22.7446,-33.7943,1,0,1,3,2,0,B,185,83
185,52528,64560,3,슬라이더,134.0,R,-0.42123,0.7083,3.206,1.572,-122.104,-3.48587,-3.37817,5.68491,50.0,1.39375,-4.38352,24.8904,-27.3065,1,1,1,3,2,0,1H,186,84
186,63543,69727,1,포크,128.0,R,-0.232594,0.7083,3.431,1.683,-116.38,-0.881047,6.06946,5.91803,50.0,-1.53695,-14.1134,20.0286,-28.594,0,0,1,5,3,0,T,187,1
187,63543,69727,2,포크,130.0,R,0.211612,0.7083,3.431,1.683,-117.932,-2.7272,7.46493,5.8505,50.0,-1.54774,-15.7311,22.1033,-28.1622,1,0,1,5,3,0,S,188,2
188,63543,69727,3,포크,132.0,R,0.160108,0.7083,3.431,1.683,-119.72,-9.43087,6.77504,5.54197,50.0,-1.51093,-13.4219,22.0448,-22.9974,2,0,1,5,3,0,B,189,3
189,63543,69727,4,직구,146.0,R,-0.344967,0.7083,3.431,1.683,-133.102,-2.98189,3.50287,6.00745,50.0,-0.828375,-11.6525,29.0031,-14.128,2,1,1,5,3,0,B,190,4
190,63543,69727,5,포크,131.0,R,0.493491,0.7083,3.431,1.683,-119.376,-4.53537,6.4737,5.76714,50.0,-1.27629,-10.9048,18.2036,-25.7005,2,2,1,5,3,0,F,191,5
191,63543,69727,6,직구,145.0,R,0.272289,0.7083,3.431,1.683,-132.245,-6.19286,6.07718,5.66268,50.0,-1.12932,-12.7374,30.3045,-16.7879,3,2,1,5,3,0,2H,192,6
192,63543,65653,1,포크,131.0,R,-0.150413,0.7083,3.361,1.649,-118.863,-3.88533,6.97737,5.68495,50.0,-1.58873,-16.8867,22.6773,-27.8483,0,0,1,0,6,0,B,193,7
193,63543,65653,2,포크,131.0,R,-1.02488,0.7083,3.361,1.649,-119.238,-1.94949,3.94491,5.86079,50.0,-1.42045,-14.0499,22.4549,-25.695,0,1,1,0,6,0,B,194,8
194,63543,65653,3,슬라이더,133.0,R,1.2683,0.7083,3.361,1.649,-121.257,-5.58499,6.99499,5.58933,50.0,-1.64366,-0.418088,20.5973,-27.4615,0,2,1,0,6,0,B,195,9
195,63543,65653,4,직구,142.0,R,0.427074,0.7083,3.361,1.649,-129.593,-4.48764,6.72666,5.75904,50.0,-1.18269,-13.5127,31.9496,-15.8473,0,3,1,0,6,0,T,196,10
196,63543,65653,5,포크,131.0,R,-0.437566,0.7083,3.361,1.649,-119.208,-1.06592,5.05852,5.73144,50.0,-1.48514,-12.1921,23.8948,-32.2559,1,3,1,0,6,0,F,197,11
197,63543,65653,6,포크,132.0,R,0.96719,0.7083,3.361,1.649,-119.621,-7.55366,8.63573,5.54461,50.0,-1.33733,-15.2533,23.9623,-27.0327,2,3,1,0,6,0,B,198,12
198,63543,78168,1,포크,131.0,L,-0.078463,0.7083,3.304,1.62,-119.048,-1.30088,7.46641,5.69246,50.0,-1.64567,-17.7743,21.2921,-29.7918,0,0,1,7,6,0,F,199,13
199,63543,78168,2,직구,147.0,L,-0.499186,0.7083,3.304,1.62,-133.485,-9.02744,3.08487,5.57296,50.0,-0.988154,-9.41716,30.6759,-14.3392,1,0,1,7,6,0,B,200,14
200,63543,78168,3,포크,134.0,L,-0.44161,0.7083,3.304,1.62,-121.908,-0.975706,6.22054,5.78464,50.0,-1.48369,-17.7307,28.2129,-26.903,1,1,1,7,6,0,1H,201,15
201,67539,61353,1,포크,127.0,L,-0.940084,0.7083,3.489,1.711,-115.578,-0.013398,4.1079,6.05777,50.0,-1.24143,-15.4997,18.4873,-27.1185,0,0,1,8,0,7,B,202,1
202,67539,61353,2,포크,128.0,L,1.23304,0.7083,3.489,1.711,-116.191,-3.87452,7.6453,5.7807,50.0,-0.954691,-12.173,19.9678,-26.8137,0,1,1,8,0,7,B,203,2
203,67539,61353,3,포크,128.0,L,-0.788089,0.7083,3.489,1.711,-116.826,-2.96047,3.43727,5.89615,50.0,-1.15916,-11.773,22.8915,-27.8126,0,2,1,8,0,7,T,204,3
204,67539,61353,4,포크,127.0,L,0.46901,0.7083,3.489,1.711,-115.693,-3.99065,6.10154,5.81472,50.0,-1.01173,-12.4567,20.0985,-27.2795,1,2,1,8,0,7,S,205,4
205,67539,61353,5,포크,128.0,L,-0.334799,0.7083,3.489,1.711,-116.834,-0.916754,4.33046,5.94326,50.0,-1.19165,-10.8407,19.687,-32.4408,2,2,1,8,0,7,HO,206,5
206,67539,52605,1,직구,143.0,R,0.169022,0.7083,3.35,1.643,-129.781,-4.88591,4.52875,5.78244,50.0,-0.923152,-8.92652,24.8141,-16.7614,0,0,2,8,0,7,HO,207,6
207,63950,50500,1,포크,142.0,L,-0.078319,0.7083,3.241,1.59,-128.883,-7.54212,6.62365,5.9392,50.0,-1.5316,-14.9165,22.039,-23.423,0,0,0,0,0,0,B,208,1
208,63950,50500,2,포크,142.0,L,-0.455905,0.7083,3.241,1.59,-129.464,-6.83474,5.89325,5.88577,50.0,-1.79244,-12.7235,25.9708,-22.9669,0,1,0,0,0,0,B,209,2
209,63950,50500,3,직구,147.0,L,0.374724,0.7083,3.241,1.59,-133.822,-7.95231,7.17685,5.7823,50.0,-1.71254,-8.91754,23.4001,-15.7393,0,2,0,0,0,0,T,210,3
210,63950,50500,4,직구,148.0,L,0.54868,0.7083,3.241,1.59,-134.101,-7.39247,7.6924,5.81452,50.0,-1.66465,-9.9,25.2829,-15.6848,1,2,0,0,0,0,F,211,4
211,63950,50500,5,직구,148.0,L,-1.07515,0.7083,3.241,1.59,-134.482,-6.89752,3.8738,5.69263,50.0,-1.91063,-8.80435,22.2262,-15.9997,2,2,0,0,0,0,B,212,5
212,63950,50500,6,포크,145.0,L,-0.346434,0.7083,3.241,1.59,-131.418,-6.01291,7.74082,5.95985,50.0,-1.74972,-21.2525,23.9458,-26.3241,2,3,0,0,0,0,1H,213,6
213,63950,54529,1,포크,143.0,L,-0.077264,0.7083,3.636,1.784,-130.104,-4.84782,6.56023,6.09076,50.0,-1.44644,-15.6603,25.2686,-23.3607,0,0,0,1,0,0,T,214,7
214,63950,54529,2,직구,147.0,L,-0.183232,0.7083,3.636,1.784,-133.676,0.432172,6.60006,6.02278,50.0,-1.64865,-14.4862,26.1033,-19.7214,1,0,0,1,0,0,B,215,8
215,63950,54529,3,직구,146.0,L,0.646795,0.7083,3.636,1.784,-133.252,-2.9329,7.14587,6.03383,50.0,-1.43395,-8.92012,22.9181,-16.0411,1,1,0,1,0,0,HO,216,9
216,63950,54598,1,직구,148.0,L,1.38778,0.7083,3.215,1.577,-134.719,-6.22099,9.90908,5.89581,50.0,-1.35613,-14.1413,26.1287,-19.0091,0,0,0,2,1,0,B,217,10
217,63950,54598,2,포크,142.0,L,-0.137445,0.7083,3.215,1.577,-128.704,-9.81057,6.3973,5.90656,50.0,-1.44294,-15.6653,25.2676,-20.6089,0,1,0,2,1,0,B,218,11
218,63950,54598,3,직구,149.0,L,-0.05048,0.7083,3.215,1.577,-135.586,-8.35096,7.42256,5.87542,50.0,-1.80986,-14.6606,28.3924,-12.7535,0,2,0,2,1,0,T,219,12
219,63950,54598,4,직구,147.0,L,0.509624,0.7083,3.215,1.577,-133.115,-8.52349,8.054,5.68615,50.0,-1.48171,-15.0351,29.943,-15.5433,1,2,0,2,1,0,B,220,13
220,63950,54598,5,직구,148.0,L,-0.100086,0.7083,3.215,1.577,-134.556,-6.14286,6.16563,5.88177,50.0,-1.54926,-12.4557,32.1328,-11.9703,1,3,0,2,1,0,3H,221,14
221,63950,50150,1,슬라이더,135.0,R,0.669061,0.7083,3.4,1.668,-122.816,-0.369405,6.43649,6.07904,50.0,-1.56456,-5.32537,25.9713,-33.5165,0,0,0,0,0,3,T,222,15
222,63950,50150,2,슬라이더,133.0,R,0.248509,0.7083,3.4,1.668,-121.534,-0.866771,5.28968,6.05875,50.0,-1.71958,-3.08448,25.6874,-31.645,1,0,0,0,0,3,HO,223,16
223,63950,78513,1,직구,149.0,R,-0.529896,0.7083,3.407,1.671,-135.239,-4.20952,3.82105,6.01432,50.0,-1.36831,-8.51497,32.5869,-11.7387,0,0,1,0,0,3,F,224,17
224,63950,78513,2,포크,142.0,R,1.00078,0.7083,3.407,1.671,-128.906,-7.37214,8.02037,5.94681,50.0,-1.24467,-11.8233,20.7355,-24.8456,1,0,1,0,0,3,B,225,18
225,63950,78513,3,포크,143.0,R,0.536217,0.7083,3.407,1.671,-130.051,-11.7031,6.06513,6.05011,50.0,-1.25755,-7.57179,20.9436,-18.3642,1,1,1,0,0,3,B,226,19
226,63950,78513,4,포크,144.0,R,-0.045813,0.7083,3.407,1.671,-131.16,-10.0127,5.48566,5.89158,50.0,-1.21748,-12.7372,27.3608,-19.6508,1,2,1,0,0,3,B,227,20
227,63950,78513,5,슬라이더,133.0,R,1.6587,0.7083,3.407,1.671,-121.097,-5.69199,7.50492,5.94928,50.0,-1.28075,-2.64546,21.9011,-24.2579,1,3,1,0,0,3,B,228,21
228,52639,51551,1,직구,143.0,L,0.991092,0.7083,3.555,1.744,-130.162,-4.13296,-5.6244,5.41869,50.0,2.21228,12.8234,27.0328,-13.0564,0,0,1,5,0,3,B,229,1
229,52639,51551,2,직구,145.0,L,0.027713,0.7083,3.555,1.744,-131.643,-4.48452,-7.35757,5.08077,50.0,1.93984,12.6365,29.344,-18.2665,0,1,1,5,0,3,T,230,2
230,52639,51551,3,직구,145.0,L,-0.062295,0.7083,3.555,1.744,-131.488,-4.29821,-8.06853,5.27926,50.0,2.06126,13.5454,30.1029,-13.3806,1,1,1,5,0,3,T,231,3
231,52639,51551,4,직구,145.0,L,0.550784,0.7083,3.555,1.744,-132.149,-4.17267,-6.66241,5.13381,50.0,2.12831,13.3963,27.3072,-15.0628,2,1,1,5,0,3,HO,232,4
232,67539,52667,1,커브,113.0,R,-0.383435,0.7083,3.306,1.621,-102.584,5.02498,0.742377,6.36013,50.0,-1.20016,3.53955,16.9269,-44.8842,0,0,0,0,0,0,T,233,7
233,67539,52667,2,포크,125.0,R,-0.478078,0.7083,3.306,1.621,-113.827,-0.064513,3.0963,6.08639,50.0,-1.08273,-7.80193,15.7663,-30.8685,1,0,0,0,0,0,F,234,8
234,67539,52667,3,포크,130.0,R,0.590141,0.7083,3.306,1.621,-118.09,-8.00814,5.14819,5.72466,50.0,-0.964626,-7.16499,18.0805,-30.1099,2,0,0,0,0,0,B,235,9
235,67539,52667,4,커브,119.0,R,0.066728,0.7083,3.306,1.621,-108.551,-1.31345,2.12036,6.08606,50.0,-1.18952,2.23645,19.2284,-43.1662,2,1,0,0,0,0,S,236,10
236,67539,64646,1,커브,116.0,R,-0.204199,0.7083,3.294,1.616,-105.679,0.797629,0.87273,6.27789,50.0,-1.29509,5.61687,18.286,-40.6957,0,0,1,0,0,0,T,237,11
237,67539,64646,2,커터,136.0,R,0.964793,0.7083,3.294,1.616,-123.968,-7.28942,6.52966,5.80049,50.0,-1.15785,-6.75564,23.0982,-22.1288,1,0,1,0,0,0,B,238,12
238,67539,64646,3,포크,125.0,R,-1.07571,0.7083,3.294,1.616,-113.964,2.58021,1.555,6.19581,50.0,-1.16665,-5.98323,22.3725,-28.842,1,1,1,0,0,0,B,239,13
239,67539,64646,4,직구,142.0,R,0.012906,0.7083,3.294,1.616,-129.466,-4.25572,4.35004,5.74089,50.0,-1.08421,-7.98189,25.652,-19.3501,1,2,1,0,0,0,1H,240,14
240,54537,67609,1,슬라이더,125.0,L,-0.673699,0.7083,3.278,1.608,-113.437,-3.91481,-3.3787,5.89192,50.0,1.43224,-5.80663,16.9142,-27.7577,0,0,1,3,0,0,V,241,1
241,54537,67609,2,슬라이더,127.0,L,-1.04025,0.7083,3.278,1.608,-115.576,-0.634305,-3.80199,5.88264,50.0,1.35608,-7.05563,22.5075,-29.1938,1,0,1,3,0,0,B,242,2
242,54537,67609,3,슬라이더,125.0,L,-0.251073,0.7083,3.278,1.608,-113.927,-2.09645,-2.71586,5.80304,50.0,1.46168,-4.99998,16.1876,-31.2807,1,1,1,3,0,0,1H,243,3
243,52558,64560,1,슬라이더,129.0,R,1.20406,0.7083,3.206,1.572,-117.481,-3.48873,5.9145,5.59672,50.0,-1.16301,-2.11289,17.8048,-28.09,0,0,1,4,0,3,B,244,1
244,52558,64560,2,슬라이더,133.0,R,0.77521,0.7083,3.206,1.572,-120.722,-5.65399,5.606,5.55285,50.0,-1.28382,-3.56524,21.8509,-24.2462,0,1,1,4,0,3,B,245,2
245,52558,64560,3,슬라이더,132.0,R,-0.056648,0.7083,3.206,1.572,-120.486,-4.37242,3.70535,5.54113,50.0,-1.18543,-5.00303,25.7198,-21.6216,0,2,1,4,0,3,T,246,3
246,52558,64560,4,커브,109.0,R,1.08123,0.7083,3.206,1.572,-99.2436,0.033126,3.82909,5.94193,50.0,-1.24512,2.53973,16.0583,-36.1504,1,2,1,4,0,3,B,247,4
247,52558,64560,5,슬라이더,130.0,R,1.20305,0.7083,3.206,1.572,-118.019,-6.86341,5.49921,5.51731,50.0,-0.92349,-2.78344,21.0251,-21.9157,1,3,1,4,0,3,B,248,5
248,52558,69727,1,슬라이더,132.0,R,0.974865,0.7083,3.431,1.683,-119.675,-2.5547,5.91189,5.61679,50.0,-1.25251,-3.42269,23.9077,-29.9454,0,0,1,5,4,3,B,249,6
249,52558,69727,2,직구,143.0,R,1.24686,0.7083,3.431,1.683,-129.27,-10.5348,7.04998,5.34424,50.0,-0.821295,-9.3492,28.4713,-11.1027,0,1,1,5,4,3,B,250,7
250,52558,69727,3,슬라이더,131.0,R,0.822351,0.7083,3.431,1.683,-119.175,0.208234,6.37424,5.62623,50.0,-1.20097,-7.80232,22.5961,-30.2591,0,2,1,5,4,3,T,251,8
251,52558,69727,4,슬라이더,130.0,R,1.37635,0.7083,3.431,1.683,-118.057,-6.18935,6.57446,5.48648,50.0,-0.905887,-6.07374,20.9269,-27.1025,1,2,1,5,4,3,B,252,9
252,52558,69727,5,슬라이더,129.0,R,0.861984,0.7083,3.431,1.683,-117.192,2.04355,4.13394,5.77867,50.0,-1.00263,0.539985,21.8006,-30.8941,1,3,1,5,4,3,B,253,10
253,51594,66606,1,직구,138.0,L,0.238695,0.7083,3.319,1.628,-125.472,-4.65106,-2.35636,5.83533,50.0,1.17242,0.294105,20.8373,-13.6638,0,0,1,6,5,4,T,254,1
254,51594,66606,2,직구,137.0,L,-2.18518,0.7083,3.319,1.628,-124.724,-7.25705,-7.18823,5.81103,50.0,0.868646,-1.20859,22.8589,-9.20471,1,0,1,6,5,4,B,255,2
255,51594,66606,3,슬라이더,128.0,L,-1.65012,0.7083,3.319,1.628,-116.202,-2.5124,-4.51636,6.04886,50.0,0.985495,-6.60236,20.3689,-27.0824,1,1,1,6,5,4,B,256,3
256,51594,66606,4,슬라이더,127.0,L,-0.835522,0.7083,3.319,1.628,-116.098,-3.39102,-3.03351,5.89615,50.0,1.18086,-6.88982,21.1767,-29.691,1,2,1,6,5,4,HO,257,4
257,51594,78168,1,슬라이더,126.0,L,-0.919973,0.7083,3.304,1.62,-114.555,-3.23386,-3.43948,5.93852,50.0,1.24881,-6.39292,17.9159,-28.8583,0,0,2,6,5,0,B,258,5
258,51594,78168,2,커브,114.0,L,1.09035,0.7083,3.304,1.62,-104.236,-0.075707,0.61077,6.12133,50.0,1.44754,-5.44861,15.783,-38.43,0,1,2,6,5,0,B,259,6
259,51594,78168,3,직구,140.0,L,0.29014,0.7083,3.304,1.62,-127.808,-5.43818,-2.82033,5.73962,50.0,1.20295,2.73716,26.0035,-12.4515,0,2,2,6,5,0,F,260,7
260,51594,78168,4,직구,140.0,L,0.384053,0.7083,3.304,1.62,-127.979,-3.37714,-2.07048,5.83019,50.0,1.2117,0.007918,23.8141,-18.0935,1,2,2,6,5,0,S,261,8
261,51594,78168,5,직구,140.0,L,0.95837,0.7083,3.304,1.62,-127.527,-0.81425,-0.871144,5.94111,50.0,1.22231,1.07816,27.2501,-13.4065,2,2,2,6,5,0,S,262,9
262,51546,63722,1,슬라이더,128.0,R,0.249987,0.7083,3.254,1.596,-116.797,-2.53679,4.94766,5.07165,50.0,-1.70613,-2.21488,19.8701,-31.9611,0,0,2,8,6,5,S,263,1
263,51546,63722,2,커브,118.0,R,1.44603,0.7083,3.254,1.596,-107.766,1.78362,5.94659,5.49177,50.0,-1.70637,3.053,14.8047,-37.324,1,0,2,8,6,5,B,264,2
264,51546,63722,3,직구,137.0,R,0.676745,0.7083,3.254,1.596,-124.333,-4.5902,8.90376,5.01459,50.0,-1.65102,-15.8048,23.2378,-22.8166,1,1,2,8,6,5,B,265,3
265,51546,63722,4,슬라이더,126.0,R,-0.911424,0.7083,3.254,1.596,-114.739,4.06986,2.51318,5.41087,50.0,-1.89689,-1.36713,19.2366,-33.0099,1,2,2,8,6,5,B,266,4
266,51546,63722,5,직구,135.0,R,0.315221,0.7083,3.254,1.596,-123.123,-6.02069,7.16822,5.01676,50.0,-1.51264,-13.3629,24.031,-18.3225,1,3,2,8,6,5,B,267,5
267,51546,52605,1,슬라이더,127.0,R,-1.01598,0.7083,3.35,1.643,-115.793,0.842366,2.54318,5.23467,50.0,-1.88968,-2.60195,22.2839,-31.6483,0,0,2,9,8,6,B,268,6
268,51546,52605,2,직구,138.0,R,1.59173,0.7083,3.35,1.643,-125.668,-3.73328,9.87157,5.0819,50.0,-1.42906,-12.0458,22.6108,-18.7509,0,1,2,9,8,6,B,269,7
269,51546,52605,3,슬라이더,125.0,R,-1.37582,0.7083,3.35,1.643,-113.883,2.0356,1.88492,5.36785,50.0,-2.00422,-2.14308,16.0942,-32.4075,0,2,2,9,8,6,B,270,8
270,51546,52605,4,직구,141.0,R,0.271136,0.7083,3.35,1.643,-127.821,-2.85523,7.08808,5.25806,50.0,-1.61449,-11.9438,26.7216,-15.0944,0,3,2,9,8,6,S,271,9
271,51546,52605,5,직구,139.0,R,-1.13436,0.7083,3.35,1.643,-126.972,0.903761,4.52198,5.28791,50.0,-1.69987,-15.4134,27.463,-21.268,1,3,2,9,8,6,B,272,10
272,52530,52667,1,슬라이더,136.0,R,1.02366,0.7083,3.306,1.621,-123.76,-3.96238,6.39208,5.8978,50.0,-1.75072,1.46943,23.1009,-31.7258,0,0,2,1,9,8,1H,273,1
273,52530,64646,1,직구,146.0,R,-0.610531,0.7083,3.294,1.616,-132.49,-8.11963,5.05882,5.79393,50.0,-1.94547,-8.25209,22.1747,-19.1329,0,0,2,2,0,1,B,274,2
274,52530,64646,2,직구,148.0,R,-0.369475,0.7083,3.294,1.616,-134.389,-5.52798,7.24462,5.85947,50.0,-1.94042,-16.3753,25.0796,-19.062,0,1,2,2,0,1,HO,275,3
275,52639,52591,1,직구,147.0,R,0.234113,0.7083,3.522,1.728,-133.177,-6.53006,-8.19402,5.16676,50.0,2.12948,17.0499,31.0884,-11.8303,0,0,0,0,0,0,T,276,5
276,52639,52591,2,체인지업,137.0,R,-0.026886,0.7083,3.522,1.728,-124.32,-2.75311,-7.67323,5.39162,50.0,1.82838,15.4093,24.476,-21.201,1,0,0,0,0,0,HO,277,6
277,52639,62802,1,직구,142.0,L,-2.53139,0.7083,3.442,1.689,-128.647,-4.17329,-12.0986,5.29817,50.0,1.67325,7.56679,22.2343,-12.1351,0,0,1,0,0,0,B,278,7
278,52639,62802,2,직구,144.0,L,-0.592754,0.7083,3.442,1.689,-130.961,-4.17464,-8.9171,5.2492,50.0,1.94709,12.5236,29.165,-11.483,0,1,1,0,0,0,F,279,8
279,52639,62802,3,직구,142.0,L,0.271501,0.7083,3.442,1.689,-129.038,0.077716,-6.37652,5.39351,50.0,2.03503,9.72088,23.4291,-18.4558,1,1,1,0,0,0,B,280,9
280,52639,62802,4,슬라이더,130.0,L,0.465137,0.7083,3.442,1.689,-118.495,-1.55994,-3.46555,5.34309,50.0,2.05622,-0.913917,22.9553,-27.6567,1,2,1,0,0,0,T,281,10
281,52639,62802,5,직구,141.0,L,-0.555369,0.7083,3.442,1.689,-128.406,-1.03902,-8.03225,5.28005,50.0,1.98466,8.39994,25.6039,-17.1801,2,2,1,0,0,0,F,282,11
282,52639,62802,6,직구,146.0,L,0.217497,0.7083,3.442,1.689,-132.393,-4.0459,-8.00228,5.27015,50.0,2.10181,16.2217,28.0262,-16.1599,3,2,1,0,0,0,F,283,12
283,52639,62802,7,슬라이더,130.0,L,1.51597,0.7083,3.442,1.689,-118.452,0.623728,-1.88954,5.39836,50.0,2.38958,-0.605391,20.6056,-30.514,4,2,1,0,0,0,B,284,13
284,52639,62802,8,직구,145.0,L,0.58151,0.7083,3.442,1.689,-131.412,-6.38249,-6.16781,5.10016,50.0,2.08888,11.8163,26.318,-14.2107,4,3,1,0,0,0,S,285,14
285,52639,50608,1,직구,145.0,R,-0.186831,0.7083,3.398,1.667,-131.419,-3.00845,-8.01773,5.10553,50.0,2.03929,11.8879,27.3396,-22.4219,0,0,2,0,0,0,1H,286,15
286,52639,69508,1,직구,143.0,R,-0.132953,0.7083,3.296,1.617,-130.264,-0.24026,-8.69183,5.31956,50.0,2.04009,16.1931,29.7389,-23.2828,0,0,2,9,0,0,T,287,16
287,52639,69508,2,체인지업,135.0,R,-0.238797,0.7083,3.296,1.617,-122.177,-7.39277,-8.20454,5.23142,50.0,1.90306,14.8823,28.5057,-21.6649,1,0,2,9,0,0,B,288,17
288,52639,69508,3,슬라이더,129.0,R,0.163207,0.7083,3.296,1.617,-117.412,1.61404,-4.2703,5.54101,50.0,2.12235,-0.840972,24.1953,-31.8126,1,1,2,9,0,0,T,289,18
289,52639,69508,4,직구,144.0,R,-0.358682,0.7083,3.296,1.617,-130.833,-3.81175,-9.37958,5.11943,50.0,2.13125,15.4643,26.5731,-18.256,2,1,2,9,0,0,T,290,19
290,52530,67609,1,직구,146.0,L,-1.88202,0.7083,3.278,1.608,-133.118,0.509724,2.99494,6.09548,50.0,-2.21414,-11.0565,28.3838,-19.6014,0,0,0,0,0,0,B,291,4
291,52530,67609,2,직구,145.0,L,0.162676,0.7083,3.278,1.608,-132.172,-4.7543,7.21806,5.97875,50.0,-1.92931,-9.45955,28.0042,-15.72,0,1,0,0,0,0,F,292,5
292,52530,67609,3,직구,146.0,L,-1.29122,0.7083,3.278,1.608,-133.183,-5.84864,3.7303,5.96007,50.0,-1.92697,-10.7912,29.2707,-14.7508,1,1,0,0,0,0,B,293,6
293,52530,67609,4,직구,147.0,L,0.97869,0.7083,3.278,1.608,-133.502,-4.48584,8.86704,6.00514,50.0,-1.70909,-9.77567,27.9308,-15.2265,1,2,0,0,0,0,HO,294,7
294,52530,64560,1,슬라이더,136.0,R,0.529211,0.7083,3.206,1.572,-123.791,-1.32435,5.48489,5.98025,50.0,-1.88238,1.57074,24.1924,-31.3161,0,0,1,0,0,0,T,295,8
295,52530,64560,2,커브,118.0,R,0.237203,0.7083,3.206,1.572,-107.585,-2.10382,3.47181,6.1224,50.0,-1.83328,3.59995,18.6258,-39.6447,1,0,1,0,0,0,B,296,9
296,52530,64560,3,직구,148.0,R,0.25183,0.7083,3.206,1.572,-134.253,-6.56375,7.31545,5.92419,50.0,-1.7844,-10.3936,27.3468,-14.9987,1,1,1,0,0,0,F,297,10
297,52530,64560,4,직구,149.0,R,-0.334356,0.7083,3.206,1.572,-135.182,-6.09047,4.9465,5.82981,50.0,-1.82482,-5.36244,27.5591,-17.5485,2,1,1,0,0,0,HO,298,11
298,52530,69636,1,직구,150.0,L,-0.604377,0.7083,3.441,1.688,-136.049,-6.13747,5.86035,5.93882,50.0,-1.98191,-11.7058,28.1896,-15.4264,0,0,2,0,0,0,T,299,12
299,52530,69636,2,커브,117.0,L,1.27669,0.7083,3.441,1.688,-106.758,-3.14639,5.50075,6.0612,50.0,-1.67005,2.62188,17.4937,-39.2483,1,0,2,0,0,0,B,300,13
300,52530,69636,3,직구,147.0,L,-0.348653,0.7083,3.441,1.688,-133.821,-8.79481,6.98535,5.83597,50.0,-1.93045,-14.9297,28.6373,-13.9212,1,1,2,0,0,0,F,301,14
301,52530,69636,4,슬라이더,138.0,L,0.147037,0.7083,3.441,1.688,-125.554,-4.72497,5.28543,5.92505,50.0,-1.9202,-1.1641,25.4465,-32.3867,2,1,2,0,0,0,S,302,15
302,65665,54529,1,슬라이더,133.0,R,-2.26597,0.7083,3.636,1.784,-120.404,-7.6475,-7.42862,5.95395,50.0,1.02813,-1.49819,21.0651,-26.4642,0,0,0,0,0,0,B,303,1
303,65665,54529,2,슬라이더,133.0,R,-1.4963,0.7083,3.636,1.784,-120.756,-3.86971,-6.47813,6.05455,50.0,1.20076,0.554098,21.2645,-24.5213,0,1,0,0,0,0,F,304,2
304,65665,54529,3,슬라이더,133.0,R,-0.586973,0.7083,3.636,1.784,-120.944,-1.01765,-2.74846,6.09136,50.0,1.07889,-5.53586,22.8286,-30.1553,1,1,0,0,0,0,HO,305,3
305,65665,54598,1,직구,141.0,L,-0.025963,0.7083,3.215,1.577,-128.121,-3.92478,-4.05155,5.90658,50.0,1.0812,6.43251,25.6012,-16.1499,0,0,1,0,0,0,T,306,4
306,65665,54598,2,슬라이더,133.0,L,-0.259055,0.7083,3.215,1.577,-121.196,-5.10545,-3.23601,6.04435,50.0,1.33576,-2.49702,22.8178,-28.1891,1,0,1,0,0,0,HO,307,5
307,65665,50150,1,슬라이더,132.0,R,1.26393,0.7083,3.4,1.668,-120.566,-1.35764,0.662263,6.1487,50.0,1.55794,-6.36064,22.1978,-27.7876,0,0,2,0,0,0,B,308,6
308,65665,50150,2,슬라이더,133.0,R,0.197311,0.7083,3.4,1.668,-120.534,-6.89765,-3.15406,5.87116,50.0,1.3502,2.07855,21.4967,-25.4893,0,1,2,0,0,0,S,309,7
309,65665,50150,3,포크,135.0,R,1.35355,0.7083,3.4,1.668,-122.769,-5.57277,-0.852191,5.99825,50.0,1.12275,6.73682,22.1738,-19.4571,1,1,2,0,0,0,B,310,8
310,65665,50150,4,슬라이더,131.0,R,0.239874,0.7083,3.4,1.668,-119.074,-1.78608,-2.07363,6.14359,50.0,1.32627,-2.07592,21.7851,-27.4676,1,2,2,0,0,0,HO,311,9
311,52530,66606,1,직구,146.0,L,0.333137,0.7083,3.319,1.628,-132.565,-7.30587,7.49388,5.96975,50.0,-1.87069,-9.26904,25.9334,-14.6757,0,0,0,0,0,0,T,312,16
312,52530,66606,2,직구,146.0,L,-1.73045,0.7083,3.319,1.628,-133.237,-0.50858,1.42233,6.16012,50.0,-2.09596,-2.44597,24.2636,-15.4519,1,0,0,0,0,0,B,313,17
313,52530,66606,3,슬라이더,134.0,L,-1.06883,0.7083,3.319,1.628,-122.306,-4.31602,2.60152,6.01513,50.0,-2.10479,-0.609479,21.9547,-28.1641,1,1,0,0,0,0,B,314,18
314,52530,66606,4,직구,146.0,L,-0.390071,0.7083,3.319,1.628,-132.855,-7.45678,3.93557,5.92858,50.0,-1.84529,-0.86869,27.0834,-11.662,1,2,0,0,0,0,T,315,19
315,52530,66606,5,슬라이더,136.0,L,0.15437,0.7083,3.319,1.628,-124.128,-5.72456,4.90413,5.9036,50.0,-2.00924,1.67282,22.0603,-28.996,2,2,0,0,0,0,HO,316,20
316,52530,65464,1,슬라이더,137.0,L,-1.31595,0.7083,3.337,1.637,-124.682,2.06281,1.59816,6.24168,50.0,-2.08932,1.38535,22.8158,-28.848,0,0,1,0,0,0,B,317,21
317,52530,65464,2,직구,144.0,L,-0.673907,0.7083,3.337,1.637,-131.093,-6.28172,4.4559,5.912,50.0,-1.85394,-7.30571,21.9486,-15.3434,0,1,1,0,0,0,HO,318,22
318,52530,68646,1,직구,150.0,L,-0.82791,0.7083,3.424,1.679,-136.468,-9.57068,5.32798,5.85947,50.0,-1.84472,-13.9571,30.7516,-11.3411,0,0,2,0,0,0,B,319,23
319,52530,68646,2,직구,147.0,L,-0.573133,0.7083,3.424,1.679,-133.405,-4.76694,4.07982,5.83102,50.0,-1.84653,-3.94851,24.8588,-19.8398,0,1,2,0,0,0,HO,320,24
320,50662,78513,1,커터,137.0,R,0.556762,0.7083,3.407,1.671,-124.273,-5.18909,5.17129,6.38808,50.0,-1.53961,-0.506019,24.857,-21.8,0,0,0,0,0,0,F,321,1
321,50662,78513,2,커터,139.0,R,1.38198,0.7083,3.407,1.671,-126.055,-4.30461,6.51245,6.27206,50.0,-1.47169,2.30473,26.5814,-26.2098,1,0,0,0,0,0,B,322,2
322,50662,78513,3,직구,145.0,R,0.286315,0.7083,3.407,1.671,-131.636,-3.41603,4.26802,6.42656,50.0,-1.28034,-1.25239,25.7944,-16.7924,1,1,0,0,0,0,B,323,3
323,50662,78513,4,직구,146.0,R,-0.144658,0.7083,3.407,1.671,-133.29,-5.50904,4.41548,6.31469,50.0,-1.31805,-7.14574,30.3125,-17.333,1,2,0,0,0,0,1H,324,4
324,50662,51560,1,커터,137.0,R,-0.51818,0.7083,3.367,1.651,-124.651,2.29952,2.48365,6.63653,50.0,-1.79133,2.95502,23.9958,-23.3186,0,0,0,5,0,0,B,325,5
325,50662,51560,2,커터,136.0,R,0.718601,0.7083,3.367,1.651,-124.257,0.599389,5.69952,6.54529,50.0,-1.58553,-0.619817,24.5217,-27.6922,0,1,0,5,0,0,B,326,6
326,50662,51560,3,직구,143.0,R,-0.439932,0.7083,3.367,1.651,-130.566,-4.94691,3.73698,6.26911,50.0,-1.52858,-4.91402,25.7342,-18.4519,0,2,0,5,0,0,HO,327,7
327,50662,52591,1,직구,145.0,R,-0.625441,0.7083,3.522,1.728,-131.709,-6.97541,3.64856,6.31444,50.0,-1.4792,-7.46923,24.8071,-15.6261,0,0,1,5,0,0,T,328,8
328,50662,52591,2,슬라이더,133.0,R,0.148321,0.7083,3.522,1.728,-121.185,-5.12797,3.07244,6.44348,50.0,-1.61958,5.30759,20.459,-25.6271,1,0,1,5,0,0,HO,329,9
329,50662,62802,1,직구,147.0,L,-1.29195,0.7083,3.442,1.689,-133.505,-2.38513,3.5873,6.34801,50.0,-1.80707,-11.6923,27.441,-23.5202,0,0,2,5,0,0,B,330,10
330,50662,62802,2,직구,144.0,L,-0.319255,0.7083,3.442,1.689,-131.214,-3.7805,5.67676,6.3322,50.0,-1.59944,-12.276,24.4508,-19.6304,0,1,2,5,0,0,F,331,11
331,50662,62802,3,직구,145.0,L,-0.683633,0.7083,3.442,1.689,-132.176,-5.38898,4.12834,6.17403,50.0,-1.74205,-7.18508,23.3877,-21.119,1,1,2,5,0,0,S,332,12
332,50662,62802,4,포크,129.0,L,-1.01368,0.7083,3.442,1.689,-117.806,-0.919548,2.22177,6.47842,50.0,-1.87244,-1.16163,22.1148,-29.7194,2,1,2,5,0,0,B,333,13
333,50662,62802,5,직구,146.0,L,0.088372,0.7083,3.442,1.689,-132.378,-5.9087,5.16201,6.24516,50.0,-1.4833,-5.62465,23.2289,-17.7082,2,2,2,5,0,0,HO,334,14
